1,Ben - Creative Portfolio,../images/templates/web/Ben - Creative Portfolio.jpg,41,1,1
2,Beoreo Multi-Purpose Business,../images/templates/web/Beoreo Multi-Purpose Business.jpg,22,3,1
3,Big Stream - One Page Multi - Purpose Template,../images/templates/web/Big Stream - One Page Multi - Purpose Template.jpg,66,2,1
4,Bone - The Creative Agency,../images/templates/web/Bone - The Creative Agency.jpg,95,2,1
5,Booster - Responsive Creative Business Email,../images/templates/web/Booster - Responsive Creative Business Email.jpg,62,2,1
6,Clymene - Creative Multipurpose HTML Template + WP,../images/templates/web/Clymene - Creative Multipurpose HTML Template + WP.jpg,39,3,1
7,Crispy - One & Multi Page HTML,../images/templates/web/Crispy - One & Multi Page HTML.jpg,36,2,1
8,Deliver Restaurant - Food & Restaurant Template,../images/templates/web/Deliver Restaurant - Food & Restaurant Template.jpg,50,2,1
9,Delux Hotel - Responsive Bootstrap 4,../images/templates/web/Delux Hotel - Responsive Bootstrap 4.jpg,92,3,1
10,EatLand - eCommerce and Delivery,../images/templates/web/EatLand - eCommerce and Delivery.jpg,65,3,1
11,Eight - Creative Portfolio HTML5 Template,../images/templates/web/Eight - Creative Portfolio HTML5 Template.jpg,14,3,1
12,Emailo - Responsive Emailand Newsletter Template,../images/templates/web/Emailo - Responsive Emailand Newsletter Template.jpg,39,3,1
13,Engage - Creative Multipurpose HTML Theme,../images/templates/web/Engage - Creative Multipurpose HTML Theme.jpg,68,1,1
14,Enthum - Business Agency & Portfolio,../images/templates/web/Enthum - Business Agency & Portfolio.jpg,79,3,1
15,Ever - Multipurpose HTML,../images/templates/web/Ever - Multipurpose HTML.jpg,87,3,1
16,Galliope - Agency - Portfolio HTML Template,../images/templates/web/Galliope - Agency - Portfolio HTML Template.jpg,46,1,1
17,Grafika - Photography & Blog HTML Template,../images/templates/web/Grafika - Photography & Blog HTML Template.jpg,73,2,1
18,Grand Way - Fully Responsive HTML5 - CSS3,../images/templates/web/Grand Way - Fully Responsive HTML5 - CSS3.jpg,23,2,1
19,Insomnia - Powerful HTML5 - CSS3,../images/templates/web/Insomnia - Powerful HTML5 - CSS3.jpg,17,3,1
20,IQON - Fresh Coming Soon,../images/templates/web/IQON - Fresh Coming Soon.jpg,43,2,1
21,Jane - Responsive HTML5 Portfolio,../images/templates/web/Jane - Responsive HTML5 Portfolio.jpg,78,1,1
22,Jaynix - Responsive Corporate Portfolio Email,../images/templates/web/Jaynix - Responsive Corporate Portfolio Email.jpg,76,1,1
23,Jestem - Elegant & Minimal Resume vCard Template,../images/templates/web/Jestem - Elegant & Minimal Resume vCard Template.jpg,52,2,1
24,KUBRICK - Attractive Coming Soon,../images/templates/web/KUBRICK - Attractive Coming Soon.jpg,63,2,1
25,MAGiC - Universal Coming Soon,../images/templates/web/MAGiC - Universal Coming Soon.jpg,71,2,1
26,MALIN - Perfect Coming Soon,../images/templates/web/MALIN - Perfect Coming Soon.jpg,9,3,1
27,Max Shop - Ecommerce HTML Template,../images/templates/web/Max Shop - Ecommerce HTML Template.jpg,81,2,1
28,Moka - Responsive Emailand Newsletter Template,../images/templates/web/Moka - Responsive Emailand Newsletter Template.jpg,98,1,1
29,Mr Resume - One Page Resume Personal,../images/templates/web/Mr Resume - One Page Resume Personal.jpg,0,3,1
30,Odiss - Travel Booking Landing Page,../images/templates/web/Odiss - Travel Booking Landing Page.jpg,34,2,1
31,OOPS - Perfect 404 Pages Pack,../images/templates/web/OOPS - Perfect 404 Pages Pack.jpg,38,1,1
32,OPAL - Exclusive Coming Soon Template,../images/templates/web/OPAL - Exclusive Coming Soon Template.jpg,26,2,1
33,Organ - Creative Multipurpose,../images/templates/web/Organ - Creative Multipurpose.jpg,0,2,1
34,Panorama - Responsive Business Email + Builder,../images/templates/web/Panorama - Responsive Business Email + Builder.jpg,58,3,1
35,Paradise Cakes - Sweet eCommerce,../images/templates/web/Paradise Cakes - Sweet eCommerce.jpg,20,1,1
36,Pioneer - Multi-Purpose HTML 5,../images/templates/web/Pioneer - Multi-Purpose HTML 5.jpg,58,3,1
37,Play - Responsive APP Email Template,../images/templates/web/Play - Responsive APP Email Template.jpg,79,1,1
38,Primary - Flexible Business HTML5 - CSS3,../images/templates/web/Primary - Flexible Business HTML5 - CSS3.jpg,39,1,1
39,"Pulse - Music, Audio, Radio Template","../images/templates/web/Pulse - Music, Audio, Radio Template.jpg",44,1,1
40,RAW - Pure Coming Soon,../images/templates/web/RAW - Pure Coming Soon.jpg,19,2,1
41,Recruiter - Responsive Recruitment Email + Builder,../images/templates/web/Recruiter - Responsive Recruitment Email + Builder.jpg,51,3,1
42,Rigo - Responsive Emailand Newsletter Template,../images/templates/web/Rigo - Responsive Emailand Newsletter Template.jpg,56,1,1
43,RIVAL Creative One Page Template,../images/templates/web/RIVAL Creative One Page Template.jpg,23,1,1
44,Sartre - Creative Multipurpose HTML Template,../images/templates/web/Sartre - Creative Multipurpose HTML Template.jpg,42,2,1
45,Sentinel - Responsive Email + Stamp Ready Builder,../images/templates/web/Sentinel - Responsive Email + Stamp Ready Builder.jpg,74,3,1
46,Shopick - eCommerce Responsive Bootstrap Template,../images/templates/web/Shopick - eCommerce Responsive Bootstrap Template.jpg,61,3,1
47,Stellar - One Page Multipurpose HTML Template,../images/templates/web/Stellar - One Page Multipurpose HTML Template.jpg,47,1,1
48,Sudzuki - Business HTML5 - CSS3,../images/templates/web/Sudzuki - Business HTML5 - CSS3.jpg,0,2,1
49,Sweet Pick - Modern Ecommerce HTML Template,../images/templates/web/Sweet Pick - Modern Ecommerce HTML Template.jpg,26,3,1
50,Sylk - Photography Portfolio,../images/templates/web/Sylk - Photography Portfolio.jpg,56,2,1
51,Tera - Modern Responsive HTML,../images/templates/web/Tera - Modern Responsive HTML.jpg,25,2,1
52,Titan - Creative Multi-purpose HTML,../images/templates/web/Titan - Creative Multi-purpose HTML.jpg,20,1,1
53,Unicore - Mobirise Builder with 20 HTML Pages,../images/templates/web/Unicore - Mobirise Builder with 20 HTML Pages.jpg,55,2,1
54,Vinero - Very Clean and Minimal Portfolio Template,../images/templates/web/Vinero - Very Clean and Minimal Portfolio Template.jpg,31,1,1
55,VSApp - Ultimate App Landing Page,../images/templates/web/VSApp - Ultimate App Landing Page.jpg,63,1,1
56,WAVE - Sliding Coming Soon,../images/templates/web/WAVE - Sliding Coming Soon.jpg,44,2,1
57,Xenia - Refined HTML5 - CSS3,../images/templates/web/Xenia - Refined HTML5 - CSS3.jpg,91,1,1
58,Agio Keynote Presentation,../images/templates/presentation/Agio Keynote Presentation.jpg,49,3,2
59,Arezzo PowerPoint Presentation,../images/templates/presentation/Arezzo PowerPoint Presentation.jpg,4,1,2
60,ATULAH - Keynote Presentation Template,../images/templates/presentation/ATULAH - Keynote Presentation Template.jpg,66,1,2
61,ATULAH - Powerpoint Presentation Template,../images/templates/presentation/ATULAH - Powerpoint Presentation Template.jpg,91,2,2
62,Be. Powerpoint Template,../images/templates/presentation/Be. Powerpoint Template.jpg,98,2,2
63,Blitz Powerpoint Template,../images/templates/presentation/Blitz Powerpoint Template.jpg,82,3,2
64,Business Plan PowerPoint Presentation Template,../images/templates/presentation/Business Plan PowerPoint Presentation Template.jpg,23,2,2
65,Buxe Creative & Multipurpose Template,../images/templates/presentation/Buxe Creative & Multipurpose Template.jpg,67,3,2
66,CLEAN - Powerpoint Presentation Template,../images/templates/presentation/CLEAN - Powerpoint Presentation Template.jpg,44,2,2
67,Commence Business Presentation,../images/templates/presentation/Commence Business Presentation.jpg,11,1,2
68,Construction Powerpoint Template,../images/templates/presentation/Construction Powerpoint Template.jpg,8,3,2
69,Eco Business Presentation Template,../images/templates/presentation/Eco Business Presentation Template.jpg,29,1,2
70,Endless Blue PowerPoint Template,../images/templates/presentation/Endless Blue PowerPoint Template.jpg,79,2,2
71,Enhancement PowerPoint Template,../images/templates/presentation/Enhancement PowerPoint Template.jpg,36,2,2
72,Enjoy PowerPoint Template,../images/templates/presentation/Enjoy PowerPoint Template.jpg,9,2,2
73,Feel the Science Keynote Template,../images/templates/presentation/Feel the Science Keynote Template.jpg,59,3,2
74,Genius Project Presentation Template,../images/templates/presentation/Genius Project Presentation Template.jpg,61,2,2
75,Glasses PowerPoint Template,../images/templates/presentation/Glasses PowerPoint Template.jpg,30,1,2
76,Glossy PowerPoint Template,../images/templates/presentation/Glossy PowerPoint Template.jpg,32,2,2
77,Grande Slide Presentation Template,../images/templates/presentation/Grande Slide Presentation Template.jpg,36,3,2
78,Granite Powerpoint Template,../images/templates/presentation/Granite Powerpoint Template.jpg,95,2,2
79,Gravidient Powerpoint Simply Theme,../images/templates/presentation/Gravidient Powerpoint Simply Theme.jpg,58,2,2
80,Hero v1 Multipurpose,../images/templates/presentation/Hero v1 Multipurpose.jpg,48,3,2
81,HEXA - Powerpoint Presentation Template,../images/templates/presentation/HEXA - Powerpoint Presentation Template.jpg,99,1,2
82,Iconic Powerpoint Template,../images/templates/presentation/Iconic Powerpoint Template.jpg,46,2,2
83,Infographic PowerPoint Presentation Template,../images/templates/presentation/Infographic PowerPoint Presentation Template.jpg,7,3,2
84,Madura Powerpoint Template,../images/templates/presentation/Madura Powerpoint Template.jpg,86,3,2
85,Magnificent Presentation Template,../images/templates/presentation/Magnificent Presentation Template.jpg,16,2,2
86,Marketing Plan Powerpoint Presentation,../images/templates/presentation/Marketing Plan Powerpoint Presentation.jpg,87,2,2
87,Markibet - Powerpoint Template,../images/templates/presentation/Markibet - Powerpoint Template.jpg,46,2,2
88,Moda - Fashion & Style Powerpoint Template,../images/templates/presentation/Moda - Fashion & Style Powerpoint Template.jpg,1,3,2
89,Molla Creative Presentation,../images/templates/presentation/Molla Creative Presentation.jpg,10,3,2
90,Mystify Presentation,../images/templates/presentation/Mystify Presentation.jpg,18,3,2
91,Nocturnal Tint Keynote Template,../images/templates/presentation/Nocturnal Tint Keynote Template.jpg,27,1,2
92,Passion Presentation 120+ Slides,../images/templates/presentation/Passion Presentation 120+ Slides.jpg,71,1,2
93,Pitch - Keynote Template,../images/templates/presentation/Pitch - Keynote Template.jpg,30,1,2
94,Pitch Vol.3 - Professional Keynote Template,../images/templates/presentation/Pitch Vol.3 - Professional Keynote Template.jpg,90,3,2
95,Presidential Keynote Template,../images/templates/presentation/Presidential Keynote Template.jpg,59,2,2
96,Real Estate - Construction Business Powerpoint,../images/templates/presentation/Real Estate - Construction Business Powerpoint.jpg,57,1,2
97,RETRICO,../images/templates/presentation/RETRICO.jpg,40,2,2
98,Rivka Minimal PowerPoint Template,../images/templates/presentation/Rivka Minimal PowerPoint Template.jpg,97,3,2
99,Sella Powerpoint Template,../images/templates/presentation/Sella Powerpoint Template.jpg,50,1,2
100,Simphony Presentation Template,../images/templates/presentation/Simphony Presentation Template.jpg,5,3,2
101,SIMPLECO Keynote presentation template,../images/templates/presentation/SIMPLECO Keynote presentation template.jpg,92,2,2
102,SWOT Business Presentation,../images/templates/presentation/SWOT Business Presentation.jpg,85,1,2
103,Teamwork Power Point Template,../images/templates/presentation/Teamwork Power Point Template.jpg,58,2,2
104,Teamwork PowerPoint Template,../images/templates/presentation/Teamwork PowerPoint Template.jpg,2,3,2
105,THEON - Keynote Template,../images/templates/presentation/THEON - Keynote Template.jpg,67,3,2
106,Tormund - Keynote Template,../images/templates/presentation/Tormund - Keynote Template.jpg,94,1,2
107,Triping - Travel Keynote Template,../images/templates/presentation/Triping - Travel Keynote Template.jpg,90,3,2
108,Unleash Keynote Template,../images/templates/presentation/Unleash Keynote Template.jpg,85,3,2
109,Vision Project Presentation Template,../images/templates/presentation/Vision Project Presentation Template.jpg,49,3,2
110,Watercolor PowerPoint Template,../images/templates/presentation/Watercolor PowerPoint Template.jpg,43,1,2
111,Wellbeing Keynote Template,../images/templates/presentation/Wellbeing Keynote Template.jpg,59,2,2
112,XNote (VOL.02) - Powerpoint Template,../images/templates/presentation/XNote (VOL.02) - Powerpoint Template.jpg,14,3,2
