"NULL","Font Awesome icons","1"
"NULL","Portfolio items can trigger lightbox images, lightbox videos, individual project pages or anything on web","1"
"NULL","4 Portfolio Layouts with extensive 4 / 3 / 2 columns grid and masonry options for flexible customization.","1"
"NULL","30+ Pages of PDF user-guide with code demonstration screenshots","1"
"NULL","Optimized Code","1"
"NULL","MailChimp subscribe form integrated with validation","1"
"NULL","4K/HDTV/1080p Ready","1"
"NULL","Beautiful Media Galleries","1"
"NULL","Working PHP contact form with custom styled Google Maps","1"
"NULL","LESS technology for one-click color and font management.","1"
"NULL","Amazing CSS3 Effects/Animations","2"
"NULL","Expert coding with pixel perfect design by trusted Elite Author","2"
"NULL","Unlimited number of Google Fonts integrated and ready to use","2"
"NULL","Portfolio items can trigger lightbox images, lightbox videos, individual project pages or anything on web","2"
"NULL","Supports everything from images, embed videos, streaming videos from Youtube, Vimeo, Dailymotion etc.","2"
"NULL","Detailed inner pages included all essential components needed for a portfolio template","2"
"NULL","Dedicated support team to assist you on bugs and issues if any","2"
"NULL","4 Portfolio Layouts with extensive 4 / 3 / 2 columns grid and masonry options for flexible customization.","2"
"NULL","5 Unique Landing Pages with unlimited customization possibilities.","2"
"NULL","Based on latest Bootstrap – all common elements are styled","2"
"NULL","Detailed inner pages included all essential components needed for a portfolio template","3"
"NULL","5 Unique Landing Pages with unlimited customization possibilities.","3"
"NULL","Social Media Ready","3"
"NULL","Portfolio items can trigger lightbox images, lightbox videos, individual project pages or anything on web","3"
"NULL","4 Portfolio Layouts with extensive 4 / 3 / 2 columns grid and masonry options for flexible customization.","3"
"NULL","Simple & Easy to Use/Customize","3"
"NULL","Font Awesome icons","3"
"NULL","Unlimited custom slideshow / hero slider styles powered by Revolution Slider Premium plugin included.","3"
"NULL","Expert coding with pixel perfect design by trusted Elite Author","3"
"NULL","Fast & Lightweight","3"
"NULL","Working PHP contact form with custom styled Google Maps","4"
"NULL","Based on latest Bootstrap – all common elements are styled","4"
"NULL","Beautiful Media Galleries","4"
"NULL","Simple & Easy to Use/Customize","4"
"NULL","Portfolio items can trigger lightbox images, lightbox videos, individual project pages or anything on web","4"
"NULL","Detailed inner pages included all essential components needed for a portfolio template","4"
"NULL","Full & Fixed Width Layouts Included","4"
"NULL","100% Responsive Web Design (Compatible with Desktop, Tablet & Mobile)","4"
"NULL","Web Store Included","4"
"NULL","Designed for Windows, Mac, iPhone, iPad, Android Devices","4"
"NULL","Valid HTML5 Code","5"
"NULL","Font Awesome icons","5"
"NULL","LESS technology for one-click color and font management.","5"
"NULL","5 Unique Landing Pages with unlimited customization possibilities.","5"
"NULL","Left+Right+Full Width Pages Included","5"
"NULL","30+ Pages of PDF user-guide with code demonstration screenshots","5"
"NULL","Designed for Windows, Mac, iPhone, iPad, Android Devices","5"
"NULL","4K/HDTV/1080p Ready","5"
"NULL","Unlimited number of Google Fonts integrated and ready to use","5"
"NULL","Dedicated support team to assist you on bugs and issues if any","5"
"NULL","Full & Fixed Width Layouts Included","6"
"NULL","Valid HTML5 Code","6"
"NULL","Amazing CSS3 Effects/Animations","6"
"NULL","Clean Design","6"
"NULL","Font Awesome icons","6"
"NULL","Supports everything from images, embed videos, streaming videos from Youtube, Vimeo, Dailymotion etc.","6"
"NULL","Working PHP contact form with custom styled Google Maps","6"
"NULL","Expert coding with pixel perfect design by trusted Elite Author","6"
"NULL","Designed for Windows, Mac, iPhone, iPad, Android Devices","6"
"NULL","Unlimited number of Google Fonts integrated and ready to use","6"
"NULL","Amazing CSS3 Effects/Animations","7"
"NULL","Based on latest Bootstrap – all common elements are styled","7"
"NULL","4 Portfolio Layouts with extensive 4 / 3 / 2 columns grid and masonry options for flexible customization.","7"
"NULL","Working PHP contact form with custom styled Google Maps","7"
"NULL","Unlimited number of Google Fonts integrated and ready to use","7"
"NULL","Optimized Code","7"
"NULL","4K/HDTV/1080p Ready","7"
"NULL","5 Unique Landing Pages with unlimited customization possibilities.","7"
"NULL","Left+Right+Full Width Pages Included","7"
"NULL","100% Responsive Web Design (Compatible with Desktop, Tablet & Mobile)","7"
"NULL","LESS technology for one-click color and font management.","8"
"NULL","100% Responsive Web Design (Compatible with Desktop, Tablet & Mobile)","8"
"NULL","4 Portfolio Layouts with extensive 4 / 3 / 2 columns grid and masonry options for flexible customization.","8"
"NULL","Web Store Included","8"
"NULL","Full & Fixed Width Layouts Included","8"
"NULL","Left+Right+Full Width Pages Included","8"
"NULL","5 Unique Landing Pages with unlimited customization possibilities.","8"
"NULL","Social Media Ready","8"
"NULL","Clean Design","8"
"NULL","Optimized Code","8"
"NULL","100% Responsive Web Design (Compatible with Desktop, Tablet & Mobile)","9"
"NULL","4 Portfolio Layouts with extensive 4 / 3 / 2 columns grid and masonry options for flexible customization.","9"
"NULL","Working Contact Form","9"
"NULL","Amazing CSS3 Effects/Animations","9"
"NULL","Supports everything from images, embed videos, streaming videos from Youtube, Vimeo, Dailymotion etc.","9"
"NULL","30+ Pages of PDF user-guide with code demonstration screenshots","9"
"NULL","Expert coding with pixel perfect design by trusted Elite Author","9"
"NULL","Optimized Code","9"
"NULL","Beautiful Media Galleries","9"
"NULL","Web Store Included","9"
"NULL","Working Contact Form","10"
"NULL","5 Unique Landing Pages with unlimited customization possibilities.","10"
"NULL","Web Store Included","10"
"NULL","Based on latest Bootstrap – all common elements are styled","10"
"NULL","MailChimp subscribe form integrated with validation","10"
"NULL","Designed for Windows, Mac, iPhone, iPad, Android Devices","10"
"NULL","Working PHP contact form with custom styled Google Maps","10"
"NULL","Optimized Code","10"
"NULL","Google Map","10"
"NULL","Fast & Lightweight","10"
"NULL","Supports everything from images, embed videos, streaming videos from Youtube, Vimeo, Dailymotion etc.","11"
"NULL","Working PHP contact form with custom styled Google Maps","11"
"NULL","4 Portfolio Layouts with extensive 4 / 3 / 2 columns grid and masonry options for flexible customization.","11"
"NULL","Designed for Windows, Mac, iPhone, iPad, Android Devices","11"
"NULL","5 Unique Landing Pages with unlimited customization possibilities.","11"
"NULL","Detailed inner pages included all essential components needed for a portfolio template","11"
"NULL","Working Contact Form","11"
"NULL","Font Awesome icons","11"
"NULL","4K/HDTV/1080p Ready","11"
"NULL","Clean Design","11"
"NULL","Full & Fixed Width Layouts Included","12"
"NULL","Font Awesome icons","12"
"NULL","Portfolio items can trigger lightbox images, lightbox videos, individual project pages or anything on web","12"
"NULL","Optimized Code","12"
"NULL","Working Contact Form","12"
"NULL","Unlimited custom slideshow / hero slider styles powered by Revolution Slider Premium plugin included.","12"
"NULL","Detailed inner pages included all essential components needed for a portfolio template","12"
"NULL","4K/HDTV/1080p Ready","12"
"NULL","LESS technology for one-click color and font management.","12"
"NULL","Google Map","12"
"NULL","100% Responsive Web Design (Compatible with Desktop, Tablet & Mobile)","13"
"NULL","Simple & Easy to Use/Customize","13"
"NULL","Working PHP contact form with custom styled Google Maps","13"
"NULL","LESS technology for one-click color and font management.","13"
"NULL","4 Portfolio Layouts with extensive 4 / 3 / 2 columns grid and masonry options for flexible customization.","13"
"NULL","Designed for Windows, Mac, iPhone, iPad, Android Devices","13"
"NULL","Clean Design","13"
"NULL","Fast & Lightweight","13"
"NULL","Dedicated support team to assist you on bugs and issues if any","13"
"NULL","Full & Fixed Width Layouts Included","13"
"NULL","Expert coding with pixel perfect design by trusted Elite Author","14"
"NULL","100% Responsive Web Design (Compatible with Desktop, Tablet & Mobile)","14"
"NULL","30+ Pages of PDF user-guide with code demonstration screenshots","14"
"NULL","Simple & Easy to Use/Customize","14"
"NULL","Web Store Included","14"
"NULL","Optimized Code","14"
"NULL","4K/HDTV/1080p Ready","14"
"NULL","LESS technology for one-click color and font management.","14"
"NULL","Supports everything from images, embed videos, streaming videos from Youtube, Vimeo, Dailymotion etc.","14"
"NULL","Detailed inner pages included all essential components needed for a portfolio template","14"
"NULL","Expert coding with pixel perfect design by trusted Elite Author","15"
"NULL","Beautiful Media Galleries","15"
"NULL","Clean Design","15"
"NULL","Valid HTML5 Code","15"
"NULL","Simple & Easy to Use/Customize","15"
"NULL","Fast & Lightweight","15"
"NULL","MailChimp subscribe form integrated with validation","15"
"NULL","5 Unique Landing Pages with unlimited customization possibilities.","15"
"NULL","Full & Fixed Width Layouts Included","15"
"NULL","Unlimited number of Google Fonts integrated and ready to use","15"
"NULL","Full & Fixed Width Layouts Included","16"
"NULL","Working Contact Form","16"
"NULL","Expert coding with pixel perfect design by trusted Elite Author","16"
"NULL","Detailed inner pages included all essential components needed for a portfolio template","16"
"NULL","Unlimited number of Google Fonts integrated and ready to use","16"
"NULL","4 Portfolio Layouts with extensive 4 / 3 / 2 columns grid and masonry options for flexible customization.","16"
"NULL","Social Media Ready","16"
"NULL","Optimized Code","16"
"NULL","LESS technology for one-click color and font management.","16"
"NULL","Dedicated support team to assist you on bugs and issues if any","16"
"NULL","Font Awesome icons","17"
"NULL","Dedicated support team to assist you on bugs and issues if any","17"
"NULL","Clean Design","17"
"NULL","Based on latest Bootstrap – all common elements are styled","17"
"NULL","Working Contact Form","17"
"NULL","Social Media Ready","17"
"NULL","LESS technology for one-click color and font management.","17"
"NULL","Working PHP contact form with custom styled Google Maps","17"
"NULL","4 Portfolio Layouts with extensive 4 / 3 / 2 columns grid and masonry options for flexible customization.","17"
"NULL","Designed for Windows, Mac, iPhone, iPad, Android Devices","17"
"NULL","Based on latest Bootstrap – all common elements are styled","18"
"NULL","Dedicated support team to assist you on bugs and issues if any","18"
"NULL","Working Contact Form","18"
"NULL","Social Media Ready","18"
"NULL","100% Responsive Web Design (Compatible with Desktop, Tablet & Mobile)","18"
"NULL","LESS technology for one-click color and font management.","18"
"NULL","Valid HTML5 Code","18"
"NULL","Detailed inner pages included all essential components needed for a portfolio template","18"
"NULL","5 Unique Landing Pages with unlimited customization possibilities.","18"
"NULL","Working PHP contact form with custom styled Google Maps","18"
"NULL","LESS technology for one-click color and font management.","19"
"NULL","30+ Pages of PDF user-guide with code demonstration screenshots","19"
"NULL","5 Unique Landing Pages with unlimited customization possibilities.","19"
"NULL","Designed for Windows, Mac, iPhone, iPad, Android Devices","19"
"NULL","Supports everything from images, embed videos, streaming videos from Youtube, Vimeo, Dailymotion etc.","19"
"NULL","Portfolio items can trigger lightbox images, lightbox videos, individual project pages or anything on web","19"
"NULL","Detailed inner pages included all essential components needed for a portfolio template","19"
"NULL","100% Responsive Web Design (Compatible with Desktop, Tablet & Mobile)","19"
"NULL","Full & Fixed Width Layouts Included","19"
"NULL","Unlimited number of Google Fonts integrated and ready to use","19"
"NULL","Fast & Lightweight","20"
"NULL","Web Store Included","20"
"NULL","Detailed inner pages included all essential components needed for a portfolio template","20"
"NULL","4 Portfolio Layouts with extensive 4 / 3 / 2 columns grid and masonry options for flexible customization.","20"
"NULL","Based on latest Bootstrap – all common elements are styled","20"
"NULL","MailChimp subscribe form integrated with validation","20"
"NULL","100% Responsive Web Design (Compatible with Desktop, Tablet & Mobile)","20"
"NULL","Beautiful Media Galleries","20"
"NULL","Clean Design","20"
"NULL","Google Map","20"
"NULL","Supports everything from images, embed videos, streaming videos from Youtube, Vimeo, Dailymotion etc.","21"
"NULL","Working PHP contact form with custom styled Google Maps","21"
"NULL","Dedicated support team to assist you on bugs and issues if any","21"
"NULL","MailChimp subscribe form integrated with validation","21"
"NULL","Social Media Ready","21"
"NULL","Full & Fixed Width Layouts Included","21"
"NULL","Fast & Lightweight","21"
"NULL","100% Responsive Web Design (Compatible with Desktop, Tablet & Mobile)","21"
"NULL","Amazing CSS3 Effects/Animations","21"
"NULL","Portfolio items can trigger lightbox images, lightbox videos, individual project pages or anything on web","21"
"NULL","Based on latest Bootstrap – all common elements are styled","22"
"NULL","Portfolio items can trigger lightbox images, lightbox videos, individual project pages or anything on web","22"
"NULL","Web Store Included","22"
"NULL","Detailed inner pages included all essential components needed for a portfolio template","22"
"NULL","Simple & Easy to Use/Customize","22"
"NULL","Unlimited number of Google Fonts integrated and ready to use","22"
"NULL","MailChimp subscribe form integrated with validation","22"
"NULL","Unlimited custom slideshow / hero slider styles powered by Revolution Slider Premium plugin included.","22"
"NULL","Designed for Windows, Mac, iPhone, iPad, Android Devices","22"
"NULL","Left+Right+Full Width Pages Included","22"
"NULL","30+ Pages of PDF user-guide with code demonstration screenshots","23"
"NULL","Detailed inner pages included all essential components needed for a portfolio template","23"
"NULL","4K/HDTV/1080p Ready","23"
"NULL","MailChimp subscribe form integrated with validation","23"
"NULL","Optimized Code","23"
"NULL","Font Awesome icons","23"
"NULL","Valid HTML5 Code","23"
"NULL","Web Store Included","23"
"NULL","Dedicated support team to assist you on bugs and issues if any","23"
"NULL","Working PHP contact form with custom styled Google Maps","23"
"NULL","Font Awesome icons","24"
"NULL","Beautiful Media Galleries","24"
"NULL","Unlimited number of Google Fonts integrated and ready to use","24"
"NULL","Amazing CSS3 Effects/Animations","24"
"NULL","LESS technology for one-click color and font management.","24"
"NULL","Expert coding with pixel perfect design by trusted Elite Author","24"
"NULL","Portfolio items can trigger lightbox images, lightbox videos, individual project pages or anything on web","24"
"NULL","4 Portfolio Layouts with extensive 4 / 3 / 2 columns grid and masonry options for flexible customization.","24"
"NULL","Unlimited custom slideshow / hero slider styles powered by Revolution Slider Premium plugin included.","24"
"NULL","5 Unique Landing Pages with unlimited customization possibilities.","24"
"NULL","Font Awesome icons","25"
"NULL","Full & Fixed Width Layouts Included","25"
"NULL","Unlimited custom slideshow / hero slider styles powered by Revolution Slider Premium plugin included.","25"
"NULL","Left+Right+Full Width Pages Included","25"
"NULL","4K/HDTV/1080p Ready","25"
"NULL","5 Unique Landing Pages with unlimited customization possibilities.","25"
"NULL","Optimized Code","25"
"NULL","Fast & Lightweight","25"
"NULL","Clean Design","25"
"NULL","LESS technology for one-click color and font management.","25"
"NULL","MailChimp subscribe form integrated with validation","26"
"NULL","Dedicated support team to assist you on bugs and issues if any","26"
"NULL","Web Store Included","26"
"NULL","Expert coding with pixel perfect design by trusted Elite Author","26"
"NULL","Beautiful Media Galleries","26"
"NULL","Left+Right+Full Width Pages Included","26"
"NULL","Based on latest Bootstrap – all common elements are styled","26"
"NULL","Working Contact Form","26"
"NULL","LESS technology for one-click color and font management.","26"
"NULL","Supports everything from images, embed videos, streaming videos from Youtube, Vimeo, Dailymotion etc.","26"
"NULL","Working Contact Form","27"
"NULL","4 Portfolio Layouts with extensive 4 / 3 / 2 columns grid and masonry options for flexible customization.","27"
"NULL","Based on latest Bootstrap – all common elements are styled","27"
"NULL","Working PHP contact form with custom styled Google Maps","27"
"NULL","100% Responsive Web Design (Compatible with Desktop, Tablet & Mobile)","27"
"NULL","Clean Design","27"
"NULL","Designed for Windows, Mac, iPhone, iPad, Android Devices","27"
"NULL","Supports everything from images, embed videos, streaming videos from Youtube, Vimeo, Dailymotion etc.","27"
"NULL","Social Media Ready","27"
"NULL","Unlimited number of Google Fonts integrated and ready to use","27"
"NULL","Left+Right+Full Width Pages Included","28"
"NULL","MailChimp subscribe form integrated with validation","28"
"NULL","100% Responsive Web Design (Compatible with Desktop, Tablet & Mobile)","28"
"NULL","Supports everything from images, embed videos, streaming videos from Youtube, Vimeo, Dailymotion etc.","28"
"NULL","Full & Fixed Width Layouts Included","28"
"NULL","Font Awesome icons","28"
"NULL","Social Media Ready","28"
"NULL","30+ Pages of PDF user-guide with code demonstration screenshots","28"
"NULL","5 Unique Landing Pages with unlimited customization possibilities.","28"
"NULL","Based on latest Bootstrap – all common elements are styled","28"
"NULL","Web Store Included","29"
"NULL","5 Unique Landing Pages with unlimited customization possibilities.","29"
"NULL","Left+Right+Full Width Pages Included","29"
"NULL","100% Responsive Web Design (Compatible with Desktop, Tablet & Mobile)","29"
"NULL","Designed for Windows, Mac, iPhone, iPad, Android Devices","29"
"NULL","Portfolio items can trigger lightbox images, lightbox videos, individual project pages or anything on web","29"
"NULL","Simple & Easy to Use/Customize","29"
"NULL","Social Media Ready","29"
"NULL","Unlimited number of Google Fonts integrated and ready to use","29"
"NULL","Optimized Code","29"
"NULL","Portfolio items can trigger lightbox images, lightbox videos, individual project pages or anything on web","30"
"NULL","Left+Right+Full Width Pages Included","30"
"NULL","Google Map","30"
"NULL","30+ Pages of PDF user-guide with code demonstration screenshots","30"
"NULL","Based on latest Bootstrap – all common elements are styled","30"
"NULL","Detailed inner pages included all essential components needed for a portfolio template","30"
"NULL","Designed for Windows, Mac, iPhone, iPad, Android Devices","30"
"NULL","4 Portfolio Layouts with extensive 4 / 3 / 2 columns grid and masonry options for flexible customization.","30"
"NULL","Expert coding with pixel perfect design by trusted Elite Author","30"
"NULL","Dedicated support team to assist you on bugs and issues if any","30"
"NULL","Working PHP contact form with custom styled Google Maps","31"
"NULL","Expert coding with pixel perfect design by trusted Elite Author","31"
"NULL","Optimized Code","31"
"NULL","Working Contact Form","31"
"NULL","Unlimited number of Google Fonts integrated and ready to use","31"
"NULL","30+ Pages of PDF user-guide with code demonstration screenshots","31"
"NULL","Font Awesome icons","31"
"NULL","Designed for Windows, Mac, iPhone, iPad, Android Devices","31"
"NULL","Web Store Included","31"
"NULL","Amazing CSS3 Effects/Animations","31"
"NULL","Clean Design","32"
"NULL","Web Store Included","32"
"NULL","Portfolio items can trigger lightbox images, lightbox videos, individual project pages or anything on web","32"
"NULL","Detailed inner pages included all essential components needed for a portfolio template","32"
"NULL","Left+Right+Full Width Pages Included","32"
"NULL","Social Media Ready","32"
"NULL","Unlimited number of Google Fonts integrated and ready to use","32"
"NULL","4 Portfolio Layouts with extensive 4 / 3 / 2 columns grid and masonry options for flexible customization.","32"
"NULL","Fast & Lightweight","32"
"NULL","Expert coding with pixel perfect design by trusted Elite Author","32"
"NULL","Font Awesome icons","33"
"NULL","Clean Design","33"
"NULL","Optimized Code","33"
"NULL","5 Unique Landing Pages with unlimited customization possibilities.","33"
"NULL","Simple & Easy to Use/Customize","33"
"NULL","Based on latest Bootstrap – all common elements are styled","33"
"NULL","Full & Fixed Width Layouts Included","33"
"NULL","30+ Pages of PDF user-guide with code demonstration screenshots","33"
"NULL","Dedicated support team to assist you on bugs and issues if any","33"
"NULL","Unlimited number of Google Fonts integrated and ready to use","33"
"NULL","MailChimp subscribe form integrated with validation","34"
"NULL","Web Store Included","34"
"NULL","Detailed inner pages included all essential components needed for a portfolio template","34"
"NULL","Optimized Code","34"
"NULL","Valid HTML5 Code","34"
"NULL","Expert coding with pixel perfect design by trusted Elite Author","34"
"NULL","Unlimited number of Google Fonts integrated and ready to use","34"
"NULL","Working Contact Form","34"
"NULL","4K/HDTV/1080p Ready","34"
"NULL","Social Media Ready","34"
"NULL","LESS technology for one-click color and font management.","35"
"NULL","Beautiful Media Galleries","35"
"NULL","Social Media Ready","35"
"NULL","Designed for Windows, Mac, iPhone, iPad, Android Devices","35"
"NULL","Left+Right+Full Width Pages Included","35"
"NULL","Amazing CSS3 Effects/Animations","35"
"NULL","30+ Pages of PDF user-guide with code demonstration screenshots","35"
"NULL","Simple & Easy to Use/Customize","35"
"NULL","Based on latest Bootstrap – all common elements are styled","35"
"NULL","Google Map","35"
"NULL","Font Awesome icons","36"
"NULL","4 Portfolio Layouts with extensive 4 / 3 / 2 columns grid and masonry options for flexible customization.","36"
"NULL","Google Map","36"
"NULL","LESS technology for one-click color and font management.","36"
"NULL","MailChimp subscribe form integrated with validation","36"
"NULL","Designed for Windows, Mac, iPhone, iPad, Android Devices","36"
"NULL","Clean Design","36"
"NULL","Expert coding with pixel perfect design by trusted Elite Author","36"
"NULL","Web Store Included","36"
"NULL","Dedicated support team to assist you on bugs and issues if any","36"
"NULL","Working Contact Form","37"
"NULL","5 Unique Landing Pages with unlimited customization possibilities.","37"
"NULL","4 Portfolio Layouts with extensive 4 / 3 / 2 columns grid and masonry options for flexible customization.","37"
"NULL","Portfolio items can trigger lightbox images, lightbox videos, individual project pages or anything on web","37"
"NULL","LESS technology for one-click color and font management.","37"
"NULL","Working PHP contact form with custom styled Google Maps","37"
"NULL","Based on latest Bootstrap – all common elements are styled","37"
"NULL","Font Awesome icons","37"
"NULL","Simple & Easy to Use/Customize","37"
"NULL","Beautiful Media Galleries","37"
"NULL","Working PHP contact form with custom styled Google Maps","38"
"NULL","Expert coding with pixel perfect design by trusted Elite Author","38"
"NULL","Social Media Ready","38"
"NULL","4K/HDTV/1080p Ready","38"
"NULL","Unlimited custom slideshow / hero slider styles powered by Revolution Slider Premium plugin included.","38"
"NULL","Supports everything from images, embed videos, streaming videos from Youtube, Vimeo, Dailymotion etc.","38"
"NULL","Beautiful Media Galleries","38"
"NULL","Font Awesome icons","38"
"NULL","Left+Right+Full Width Pages Included","38"
"NULL","Detailed inner pages included all essential components needed for a portfolio template","38"
"NULL","Unlimited number of Google Fonts integrated and ready to use","39"
"NULL","4K/HDTV/1080p Ready","39"
"NULL","Full & Fixed Width Layouts Included","39"
"NULL","Beautiful Media Galleries","39"
"NULL","Web Store Included","39"
"NULL","Social Media Ready","39"
"NULL","Fast & Lightweight","39"
"NULL","Expert coding with pixel perfect design by trusted Elite Author","39"
"NULL","Working Contact Form","39"
"NULL","Left+Right+Full Width Pages Included","39"
"NULL","Beautiful Media Galleries","40"
"NULL","Clean Design","40"
"NULL","5 Unique Landing Pages with unlimited customization possibilities.","40"
"NULL","Dedicated support team to assist you on bugs and issues if any","40"
"NULL","Working Contact Form","40"
"NULL","Working PHP contact form with custom styled Google Maps","40"
"NULL","4K/HDTV/1080p Ready","40"
"NULL","Based on latest Bootstrap – all common elements are styled","40"
"NULL","Expert coding with pixel perfect design by trusted Elite Author","40"
"NULL","Portfolio items can trigger lightbox images, lightbox videos, individual project pages or anything on web","40"
"NULL","Fast & Lightweight","41"
"NULL","Left+Right+Full Width Pages Included","41"
"NULL","Unlimited number of Google Fonts integrated and ready to use","41"
"NULL","Valid HTML5 Code","41"
"NULL","Simple & Easy to Use/Customize","41"
"NULL","Beautiful Media Galleries","41"
"NULL","Web Store Included","41"
"NULL","Based on latest Bootstrap – all common elements are styled","41"
"NULL","30+ Pages of PDF user-guide with code demonstration screenshots","41"
"NULL","Supports everything from images, embed videos, streaming videos from Youtube, Vimeo, Dailymotion etc.","41"
"NULL","100% Responsive Web Design (Compatible with Desktop, Tablet & Mobile)","42"
"NULL","Dedicated support team to assist you on bugs and issues if any","42"
"NULL","MailChimp subscribe form integrated with validation","42"
"NULL","Font Awesome icons","42"
"NULL","Expert coding with pixel perfect design by trusted Elite Author","42"
"NULL","Portfolio items can trigger lightbox images, lightbox videos, individual project pages or anything on web","42"
"NULL","Working Contact Form","42"
"NULL","Beautiful Media Galleries","42"
"NULL","Left+Right+Full Width Pages Included","42"
"NULL","Social Media Ready","42"
"NULL","Google Map","43"
"NULL","Simple & Easy to Use/Customize","43"
"NULL","Detailed inner pages included all essential components needed for a portfolio template","43"
"NULL","LESS technology for one-click color and font management.","43"
"NULL","Unlimited custom slideshow / hero slider styles powered by Revolution Slider Premium plugin included.","43"
"NULL","30+ Pages of PDF user-guide with code demonstration screenshots","43"
"NULL","4 Portfolio Layouts with extensive 4 / 3 / 2 columns grid and masonry options for flexible customization.","43"
"NULL","Full & Fixed Width Layouts Included","43"
"NULL","Clean Design","43"
"NULL","Dedicated support team to assist you on bugs and issues if any","43"
"NULL","Font Awesome icons","44"
"NULL","Designed for Windows, Mac, iPhone, iPad, Android Devices","44"
"NULL","Dedicated support team to assist you on bugs and issues if any","44"
"NULL","100% Responsive Web Design (Compatible with Desktop, Tablet & Mobile)","44"
"NULL","5 Unique Landing Pages with unlimited customization possibilities.","44"
"NULL","Web Store Included","44"
"NULL","4K/HDTV/1080p Ready","44"
"NULL","Beautiful Media Galleries","44"
"NULL","Google Map","44"
"NULL","Working PHP contact form with custom styled Google Maps","44"
"NULL","30+ Pages of PDF user-guide with code demonstration screenshots","45"
"NULL","4K/HDTV/1080p Ready","45"
"NULL","Unlimited custom slideshow / hero slider styles powered by Revolution Slider Premium plugin included.","45"
"NULL","Web Store Included","45"
"NULL","Unlimited number of Google Fonts integrated and ready to use","45"
"NULL","Left+Right+Full Width Pages Included","45"
"NULL","Fast & Lightweight","45"
"NULL","Optimized Code","45"
"NULL","Beautiful Media Galleries","45"
"NULL","Font Awesome icons","45"
"NULL","100% Responsive Web Design (Compatible with Desktop, Tablet & Mobile)","46"
"NULL","Web Store Included","46"
"NULL","Amazing CSS3 Effects/Animations","46"
"NULL","Working PHP contact form with custom styled Google Maps","46"
"NULL","MailChimp subscribe form integrated with validation","46"
"NULL","Clean Design","46"
"NULL","30+ Pages of PDF user-guide with code demonstration screenshots","46"
"NULL","Beautiful Media Galleries","46"
"NULL","Simple & Easy to Use/Customize","46"
"NULL","Portfolio items can trigger lightbox images, lightbox videos, individual project pages or anything on web","46"
"NULL","4K/HDTV/1080p Ready","47"
"NULL","Fast & Lightweight","47"
"NULL","Unlimited number of Google Fonts integrated and ready to use","47"
"NULL","Social Media Ready","47"
"NULL","MailChimp subscribe form integrated with validation","47"
"NULL","Supports everything from images, embed videos, streaming videos from Youtube, Vimeo, Dailymotion etc.","47"
"NULL","4 Portfolio Layouts with extensive 4 / 3 / 2 columns grid and masonry options for flexible customization.","47"
"NULL","30+ Pages of PDF user-guide with code demonstration screenshots","47"
"NULL","Left+Right+Full Width Pages Included","47"
"NULL","100% Responsive Web Design (Compatible with Desktop, Tablet & Mobile)","47"
"NULL","4K/HDTV/1080p Ready","48"
"NULL","Social Media Ready","48"
"NULL","Portfolio items can trigger lightbox images, lightbox videos, individual project pages or anything on web","48"
"NULL","Amazing CSS3 Effects/Animations","48"
"NULL","Working Contact Form","48"
"NULL","Left+Right+Full Width Pages Included","48"
"NULL","Optimized Code","48"
"NULL","4 Portfolio Layouts with extensive 4 / 3 / 2 columns grid and masonry options for flexible customization.","48"
"NULL","MailChimp subscribe form integrated with validation","48"
"NULL","Detailed inner pages included all essential components needed for a portfolio template","48"
"NULL","Amazing CSS3 Effects/Animations","49"
"NULL","Portfolio items can trigger lightbox images, lightbox videos, individual project pages or anything on web","49"
"NULL","Designed for Windows, Mac, iPhone, iPad, Android Devices","49"
"NULL","4K/HDTV/1080p Ready","49"
"NULL","30+ Pages of PDF user-guide with code demonstration screenshots","49"
"NULL","Optimized Code","49"
"NULL","5 Unique Landing Pages with unlimited customization possibilities.","49"
"NULL","Supports everything from images, embed videos, streaming videos from Youtube, Vimeo, Dailymotion etc.","49"
"NULL","Working PHP contact form with custom styled Google Maps","49"
"NULL","Fast & Lightweight","49"
"NULL","MailChimp subscribe form integrated with validation","50"
"NULL","Unlimited number of Google Fonts integrated and ready to use","50"
"NULL","Supports everything from images, embed videos, streaming videos from Youtube, Vimeo, Dailymotion etc.","50"
"NULL","Fast & Lightweight","50"
"NULL","Social Media Ready","50"
"NULL","Web Store Included","50"
"NULL","Simple & Easy to Use/Customize","50"
"NULL","Full & Fixed Width Layouts Included","50"
"NULL","Dedicated support team to assist you on bugs and issues if any","50"
"NULL","5 Unique Landing Pages with unlimited customization possibilities.","50"
"NULL","30+ Pages of PDF user-guide with code demonstration screenshots","51"
"NULL","Simple & Easy to Use/Customize","51"
"NULL","Valid HTML5 Code","51"
"NULL","4K/HDTV/1080p Ready","51"
"NULL","4 Portfolio Layouts with extensive 4 / 3 / 2 columns grid and masonry options for flexible customization.","51"
"NULL","Unlimited number of Google Fonts integrated and ready to use","51"
"NULL","Working Contact Form","51"
"NULL","Font Awesome icons","51"
"NULL","Designed for Windows, Mac, iPhone, iPad, Android Devices","51"
"NULL","Based on latest Bootstrap – all common elements are styled","51"
"NULL","Based on latest Bootstrap – all common elements are styled","52"
"NULL","Detailed inner pages included all essential components needed for a portfolio template","52"
"NULL","Fast & Lightweight","52"
"NULL","100% Responsive Web Design (Compatible with Desktop, Tablet & Mobile)","52"
"NULL","Dedicated support team to assist you on bugs and issues if any","52"
"NULL","Social Media Ready","52"
"NULL","Working Contact Form","52"
"NULL","Optimized Code","52"
"NULL","LESS technology for one-click color and font management.","52"
"NULL","Simple & Easy to Use/Customize","52"
"NULL","4 Portfolio Layouts with extensive 4 / 3 / 2 columns grid and masonry options for flexible customization.","53"
"NULL","Google Map","53"
"NULL","Valid HTML5 Code","53"
"NULL","Full & Fixed Width Layouts Included","53"
"NULL","Unlimited custom slideshow / hero slider styles powered by Revolution Slider Premium plugin included.","53"
"NULL","100% Responsive Web Design (Compatible with Desktop, Tablet & Mobile)","53"
"NULL","Unlimited number of Google Fonts integrated and ready to use","53"
"NULL","Dedicated support team to assist you on bugs and issues if any","53"
"NULL","Fast & Lightweight","53"
"NULL","MailChimp subscribe form integrated with validation","53"
"NULL","Google Map","54"
"NULL","Web Store Included","54"
"NULL","Supports everything from images, embed videos, streaming videos from Youtube, Vimeo, Dailymotion etc.","54"
"NULL","Optimized Code","54"
"NULL","Fast & Lightweight","54"
"NULL","Valid HTML5 Code","54"
"NULL","100% Responsive Web Design (Compatible with Desktop, Tablet & Mobile)","54"
"NULL","5 Unique Landing Pages with unlimited customization possibilities.","54"
"NULL","Based on latest Bootstrap – all common elements are styled","54"
"NULL","4 Portfolio Layouts with extensive 4 / 3 / 2 columns grid and masonry options for flexible customization.","54"
"NULL","Unlimited custom slideshow / hero slider styles powered by Revolution Slider Premium plugin included.","55"
"NULL","Optimized Code","55"
"NULL","Font Awesome icons","55"
"NULL","Simple & Easy to Use/Customize","55"
"NULL","Unlimited number of Google Fonts integrated and ready to use","55"
"NULL","Supports everything from images, embed videos, streaming videos from Youtube, Vimeo, Dailymotion etc.","55"
"NULL","LESS technology for one-click color and font management.","55"
"NULL","Amazing CSS3 Effects/Animations","55"
"NULL","5 Unique Landing Pages with unlimited customization possibilities.","55"
"NULL","Working PHP contact form with custom styled Google Maps","55"
"NULL","Working PHP contact form with custom styled Google Maps","56"
"NULL","Based on latest Bootstrap – all common elements are styled","56"
"NULL","Portfolio items can trigger lightbox images, lightbox videos, individual project pages or anything on web","56"
"NULL","Web Store Included","56"
"NULL","Full & Fixed Width Layouts Included","56"
"NULL","MailChimp subscribe form integrated with validation","56"
"NULL","Dedicated support team to assist you on bugs and issues if any","56"
"NULL","Beautiful Media Galleries","56"
"NULL","Working Contact Form","56"
"NULL","Supports everything from images, embed videos, streaming videos from Youtube, Vimeo, Dailymotion etc.","56"
"NULL","Amazing CSS3 Effects/Animations","57"
"NULL","Full & Fixed Width Layouts Included","57"
"NULL","Detailed inner pages included all essential components needed for a portfolio template","57"
"NULL","Clean Design","57"
"NULL","Unlimited custom slideshow / hero slider styles powered by Revolution Slider Premium plugin included.","57"
"NULL","5 Unique Landing Pages with unlimited customization possibilities.","57"
"NULL","Working PHP contact form with custom styled Google Maps","57"
"NULL","Working Contact Form","57"
"NULL","4K/HDTV/1080p Ready","57"
"NULL","Left+Right+Full Width Pages Included","57"
"NULL","Smart Icon Library v.2 (+1000 Vector Icon)","58"
"NULL","Wide Screen (Full HD 115 Slide Each File)","58"
"NULL","Creative & Professional (Multipurpose)","58"
"NULL","Wide Screen (HQ 16:9)","58"
"NULL","Light & Dark","58"
"NULL","Section Breaks Slides","58"
"NULL","Fully Editable","58"
"NULL","Photo List","58"
"NULL","Creative & Professional Work","58"
"NULL","Price Table","58"
"NULL","Creative & Professional (Multipurpose)","59"
"NULL","PPTX & PPT format","59"
"NULL","Custom animation for each object","59"
"NULL","Handmade Infographic","59"
"NULL","Creative & Professional Work","59"
"NULL","Versions in Colored & Single Clean Color (Unlimited Color Options)","59"
"NULL","Wide Screen (HQ 16:9)","59"
"NULL","Section Breaks Slides","59"
"NULL","Powerpoint Vector Shape","59"
"NULL","Numeric List","59"
"NULL","10+ Unique slides per Powerpoint","60"
"NULL","Price Table","60"
"NULL","Master Slide Layout (Drag & Drop Image)","60"
"NULL","Include PC and Mac Version","60"
"NULL","Custom animation for each object","60"
"NULL","Powerpoint Vector Shape","60"
"NULL","Full Animated & No Animated (Slide Transitions & Section Animation)","60"
"NULL","Versions in Colored & Single Clean Color (Unlimited Color Options)","60"
"NULL","PPTX & PPT format","60"
"NULL","Section Breaks Slides","60"
"NULL","Short Instruction included","61"
"NULL","Extensive use of custom placeholders and smart art","61"
"NULL","Creative & Professional (Multipurpose)","61"
"NULL","Easy Customize","61"
"NULL","Price Table","61"
"NULL","Versions in Colored & Single Clean Color (Unlimited Color Options)","61"
"NULL","Wide Screen (HQ 16:9)","61"
"NULL","Include PC and Mac Version","61"
"NULL","Powerpoint Vector Shape","61"
"NULL","Wide Screen (Full HD 115 Slide Each File)","61"
"NULL","Smart Icon Library v.2 (+1000 Vector Icon)","62"
"NULL","Master Slide Layout (Drag & Drop Image)","62"
"NULL","Numeric List","62"
"NULL","Custom animation for each object","62"
"NULL","Extensive use of custom placeholders and smart art","62"
"NULL","Versions in Colored & Single Clean Color (Unlimited Color Options)","62"
"NULL","PPTX & PPT format","62"
"NULL","Creative & Professional (Multipurpose)","62"
"NULL","Documentation (PDF)","62"
"NULL","Handmade Infographic","62"
"NULL","Free Font & Icons","63"
"NULL","Section Breaks Slides","63"
"NULL","Extensive use of custom placeholders and smart art","63"
"NULL","Smart Icon Library v.2 (+1000 Vector Icon)","63"
"NULL","Easy Customize","63"
"NULL","Short Instruction included","63"
"NULL","Full Animated & No Animated (Slide Transitions & Section Animation)","63"
"NULL","10+ Unique slides per Powerpoint","63"
"NULL","Light & Dark","63"
"NULL","Documentation (PDF)","63"
"NULL","Section Breaks Slides","64"
"NULL","Image Placeholder PSD Include","64"
"NULL","Master Slide Layout (Drag & Drop Image)","64"
"NULL","Custom animation for each object","64"
"NULL","All Essential Function (Chart, Infographic, Portfolio, Team, TimeLine, Mock Up and More)","64"
"NULL","Full Animated & No Animated (Slide Transitions & Section Animation)","64"
"NULL","Wide Screen (Full HD 115 Slide Each File)","64"
"NULL","Extensive use of custom placeholders and smart art","64"
"NULL","Creative & Professional Work","64"
"NULL","Smart Icon Library v.2 (+1000 Vector Icon)","64"
"NULL","10+ Unique slides per Powerpoint","65"
"NULL","Versions in Colored & Single Clean Color (Unlimited Color Options)","65"
"NULL","Fully Editable","65"
"NULL","Business & Clean Style","65"
"NULL","Powerpoint Vector Shape","65"
"NULL","Include PC and Mac Version","65"
"NULL","Creative & Professional Work","65"
"NULL","Custom animation for each object","65"
"NULL","Numeric List","65"
"NULL","All Essential Function (Chart, Infographic, Portfolio, Team, TimeLine, Mock Up and More)","65"
"NULL","Photo List","66"
"NULL","Creative & Professional (Multipurpose)","66"
"NULL","10+ Unique slides per Powerpoint","66"
"NULL","Custom animation for each object","66"
"NULL","Creative & Professional Work","66"
"NULL","Easy Customize","66"
"NULL","Price Table","66"
"NULL","Section Breaks Slides","66"
"NULL","Short Instruction included","66"
"NULL","Full Animated & No Animated (Slide Transitions & Section Animation)","66"
"NULL","Price Table","67"
"NULL","Powerpoint Vector Shape","67"
"NULL","10+ Unique slides per Powerpoint","67"
"NULL","Fully Editable","67"
"NULL","Wide Screen (HQ 16:9)","67"
"NULL","Full Animated & No Animated (Slide Transitions & Section Animation)","67"
"NULL","Custom animation for each object","67"
"NULL","Include PC and Mac Version","67"
"NULL","Section Breaks Slides","67"
"NULL","Wide Screen (Full HD 115 Slide Each File)","67"
"NULL","Wide Screen (HQ 16:9)","68"
"NULL","Section Breaks Slides","68"
"NULL","Full Animated & No Animated (Slide Transitions & Section Animation)","68"
"NULL","Creative & Professional (Multipurpose)","68"
"NULL","Creative & Professional Work","68"
"NULL","Light & Dark","68"
"NULL","Free Font & Icons","68"
"NULL","10+ Unique slides per Powerpoint","68"
"NULL","Documentation (PDF)","68"
"NULL","Image Placeholder PSD Include","68"
"NULL","Photo List","69"
"NULL","Section Breaks Slides","69"
"NULL","Business & Clean Style","69"
"NULL","Light & Dark","69"
"NULL","Master Slide Layout (Drag & Drop Image)","69"
"NULL","Handmade Infographic","69"
"NULL","Full Animated & No Animated (Slide Transitions & Section Animation)","69"
"NULL","Creative & Professional (Multipurpose)","69"
"NULL","Custom animation for each object","69"
"NULL","Creative & Professional Work","69"
"NULL","Light & Dark","70"
"NULL","PPTX & PPT format","70"
"NULL","Easy Customize","70"
"NULL","Price Table","70"
"NULL","Business & Clean Style","70"
"NULL","Smart Icon Library v.2 (+1000 Vector Icon)","70"
"NULL","Creative & Professional (Multipurpose)","70"
"NULL","Wide Screen (Full HD 115 Slide Each File)","70"
"NULL","Image Placeholder PSD Include","70"
"NULL","Fully Editable","70"
"NULL","Section Breaks Slides","71"
"NULL","Versions in Colored & Single Clean Color (Unlimited Color Options)","71"
"NULL","Handmade Infographic","71"
"NULL","All Essential Function (Chart, Infographic, Portfolio, Team, TimeLine, Mock Up and More)","71"
"NULL","Creative & Professional (Multipurpose)","71"
"NULL","Numeric List","71"
"NULL","10+ Unique slides per Powerpoint","71"
"NULL","Smart Icon Library v.2 (+1000 Vector Icon)","71"
"NULL","Full Animated & No Animated (Slide Transitions & Section Animation)","71"
"NULL","Custom animation for each object","71"
"NULL","Free Font & Icons","72"
"NULL","Fully Editable","72"
"NULL","Creative & Professional Work","72"
"NULL","Photo List","72"
"NULL","Wide Screen (Full HD 115 Slide Each File)","72"
"NULL","Numeric List","72"
"NULL","Include PC and Mac Version","72"
"NULL","Price Table","72"
"NULL","Master Slide Layout (Drag & Drop Image)","72"
"NULL","Documentation (PDF)","72"
"NULL","Short Instruction included","73"
"NULL","Documentation (PDF)","73"
"NULL","Numeric List","73"
"NULL","Creative & Professional Work","73"
"NULL","Full Animated & No Animated (Slide Transitions & Section Animation)","73"
"NULL","Wide Screen (HQ 16:9)","73"
"NULL","Custom animation for each object","73"
"NULL","All Essential Function (Chart, Infographic, Portfolio, Team, TimeLine, Mock Up and More)","73"
"NULL","Photo List","73"
"NULL","PPTX & PPT format","73"
"NULL","Include PC and Mac Version","74"
"NULL","Creative & Professional Work","74"
"NULL","Wide Screen (Full HD 115 Slide Each File)","74"
"NULL","Section Breaks Slides","74"
"NULL","Full Animated & No Animated (Slide Transitions & Section Animation)","74"
"NULL","Photo List","74"
"NULL","Custom animation for each object","74"
"NULL","Free Font & Icons","74"
"NULL","Handmade Infographic","74"
"NULL","Light & Dark","74"
"NULL","Creative & Professional Work","75"
"NULL","Price Table","75"
"NULL","Fully Editable","75"
"NULL","Include PC and Mac Version","75"
"NULL","Master Slide Layout (Drag & Drop Image)","75"
"NULL","Section Breaks Slides","75"
"NULL","Full Animated & No Animated (Slide Transitions & Section Animation)","75"
"NULL","Wide Screen (HQ 16:9)","75"
"NULL","Numeric List","75"
"NULL","PPTX & PPT format","75"
"NULL","Section Breaks Slides","76"
"NULL","Documentation (PDF)","76"
"NULL","Creative & Professional Work","76"
"NULL","Custom animation for each object","76"
"NULL","Powerpoint Vector Shape","76"
"NULL","Extensive use of custom placeholders and smart art","76"
"NULL","Creative & Professional (Multipurpose)","76"
"NULL","Fully Editable","76"
"NULL","Numeric List","76"
"NULL","Handmade Infographic","76"
"NULL","Smart Icon Library v.2 (+1000 Vector Icon)","77"
"NULL","Handmade Infographic","77"
"NULL","Fully Editable","77"
"NULL","Short Instruction included","77"
"NULL","Image Placeholder PSD Include","77"
"NULL","Creative & Professional Work","77"
"NULL","Section Breaks Slides","77"
"NULL","Full Animated & No Animated (Slide Transitions & Section Animation)","77"
"NULL","Powerpoint Vector Shape","77"
"NULL","Wide Screen (Full HD 115 Slide Each File)","77"
"NULL","Free Font & Icons","78"
"NULL","Custom animation for each object","78"
"NULL","Photo List","78"
"NULL","Wide Screen (HQ 16:9)","78"
"NULL","Numeric List","78"
"NULL","Documentation (PDF)","78"
"NULL","Section Breaks Slides","78"
"NULL","Handmade Infographic","78"
"NULL","Powerpoint Vector Shape","78"
"NULL","Smart Icon Library v.2 (+1000 Vector Icon)","78"
"NULL","Photo List","79"
"NULL","Wide Screen (Full HD 115 Slide Each File)","79"
"NULL","Extensive use of custom placeholders and smart art","79"
"NULL","Creative & Professional (Multipurpose)","79"
"NULL","PPTX & PPT format","79"
"NULL","All Essential Function (Chart, Infographic, Portfolio, Team, TimeLine, Mock Up and More)","79"
"NULL","Handmade Infographic","79"
"NULL","Master Slide Layout (Drag & Drop Image)","79"
"NULL","Fully Editable","79"
"NULL","Short Instruction included","79"
"NULL","Fully Editable","80"
"NULL","Easy Customize","80"
"NULL","PPTX & PPT format","80"
"NULL","Short Instruction included","80"
"NULL","Section Breaks Slides","80"
"NULL","Custom animation for each object","80"
"NULL","Full Animated & No Animated (Slide Transitions & Section Animation)","80"
"NULL","Light & Dark","80"
"NULL","Documentation (PDF)","80"
"NULL","Powerpoint Vector Shape","80"
"NULL","Short Instruction included","81"
"NULL","Custom animation for each object","81"
"NULL","Business & Clean Style","81"
"NULL","Creative & Professional (Multipurpose)","81"
"NULL","10+ Unique slides per Powerpoint","81"
"NULL","Creative & Professional Work","81"
"NULL","Free Font & Icons","81"
"NULL","Master Slide Layout (Drag & Drop Image)","81"
"NULL","Section Breaks Slides","81"
"NULL","Fully Editable","81"
"NULL","Master Slide Layout (Drag & Drop Image)","82"
"NULL","Wide Screen (Full HD 115 Slide Each File)","82"
"NULL","Easy Customize","82"
"NULL","Short Instruction included","82"
"NULL","Smart Icon Library v.2 (+1000 Vector Icon)","82"
"NULL","Light & Dark","82"
"NULL","Free Font & Icons","82"
"NULL","Business & Clean Style","82"
"NULL","Powerpoint Vector Shape","82"
"NULL","Versions in Colored & Single Clean Color (Unlimited Color Options)","82"
"NULL","Include PC and Mac Version","83"
"NULL","Versions in Colored & Single Clean Color (Unlimited Color Options)","83"
"NULL","10+ Unique slides per Powerpoint","83"
"NULL","Handmade Infographic","83"
"NULL","Custom animation for each object","83"
"NULL","Image Placeholder PSD Include","83"
"NULL","Photo List","83"
"NULL","Short Instruction included","83"
"NULL","Section Breaks Slides","83"
"NULL","Easy Customize","83"
"NULL","Short Instruction included","84"
"NULL","Wide Screen (HQ 16:9)","84"
"NULL","Powerpoint Vector Shape","84"
"NULL","Handmade Infographic","84"
"NULL","10+ Unique slides per Powerpoint","84"
"NULL","Smart Icon Library v.2 (+1000 Vector Icon)","84"
"NULL","Fully Editable","84"
"NULL","Master Slide Layout (Drag & Drop Image)","84"
"NULL","PPTX & PPT format","84"
"NULL","Include PC and Mac Version","84"
"NULL","Wide Screen (Full HD 115 Slide Each File)","85"
"NULL","Fully Editable","85"
"NULL","Photo List","85"
"NULL","Creative & Professional (Multipurpose)","85"
"NULL","Light & Dark","85"
"NULL","Full Animated & No Animated (Slide Transitions & Section Animation)","85"
"NULL","Smart Icon Library v.2 (+1000 Vector Icon)","85"
"NULL","Extensive use of custom placeholders and smart art","85"
"NULL","PPTX & PPT format","85"
"NULL","Powerpoint Vector Shape","85"
"NULL","PPTX & PPT format","86"
"NULL","Short Instruction included","86"
"NULL","Price Table","86"
"NULL","Include PC and Mac Version","86"
"NULL","Section Breaks Slides","86"
"NULL","Versions in Colored & Single Clean Color (Unlimited Color Options)","86"
"NULL","Fully Editable","86"
"NULL","Numeric List","86"
"NULL","Light & Dark","86"
"NULL","All Essential Function (Chart, Infographic, Portfolio, Team, TimeLine, Mock Up and More)","86"
"NULL","Business & Clean Style","87"
"NULL","Image Placeholder PSD Include","87"
"NULL","Extensive use of custom placeholders and smart art","87"
"NULL","Wide Screen (Full HD 115 Slide Each File)","87"
"NULL","Documentation (PDF)","87"
"NULL","PPTX & PPT format","87"
"NULL","Light & Dark","87"
"NULL","Creative & Professional (Multipurpose)","87"
"NULL","Creative & Professional Work","87"
"NULL","Smart Icon Library v.2 (+1000 Vector Icon)","87"
"NULL","Free Font & Icons","88"
"NULL","Business & Clean Style","88"
"NULL","Extensive use of custom placeholders and smart art","88"
"NULL","Short Instruction included","88"
"NULL","Section Breaks Slides","88"
"NULL","PPTX & PPT format","88"
"NULL","10+ Unique slides per Powerpoint","88"
"NULL","Photo List","88"
"NULL","Wide Screen (HQ 16:9)","88"
"NULL","Wide Screen (Full HD 115 Slide Each File)","88"
"NULL","Price Table","89"
"NULL","Creative & Professional Work","89"
"NULL","Easy Customize","89"
"NULL","Fully Editable","89"
"NULL","Section Breaks Slides","89"
"NULL","10+ Unique slides per Powerpoint","89"
"NULL","Master Slide Layout (Drag & Drop Image)","89"
"NULL","Smart Icon Library v.2 (+1000 Vector Icon)","89"
"NULL","Handmade Infographic","89"
"NULL","Full Animated & No Animated (Slide Transitions & Section Animation)","89"
"NULL","Section Breaks Slides","90"
"NULL","Light & Dark","90"
"NULL","Full Animated & No Animated (Slide Transitions & Section Animation)","90"
"NULL","Creative & Professional (Multipurpose)","90"
"NULL","Include PC and Mac Version","90"
"NULL","Extensive use of custom placeholders and smart art","90"
"NULL","Versions in Colored & Single Clean Color (Unlimited Color Options)","90"
"NULL","Handmade Infographic","90"
"NULL","Master Slide Layout (Drag & Drop Image)","90"
"NULL","Price Table","90"
"NULL","Master Slide Layout (Drag & Drop Image)","91"
"NULL","Handmade Infographic","91"
"NULL","Powerpoint Vector Shape","91"
"NULL","Creative & Professional Work","91"
"NULL","Include PC and Mac Version","91"
"NULL","Full Animated & No Animated (Slide Transitions & Section Animation)","91"
"NULL","Wide Screen (Full HD 115 Slide Each File)","91"
"NULL","Image Placeholder PSD Include","91"
"NULL","PPTX & PPT format","91"
"NULL","Wide Screen (HQ 16:9)","91"
"NULL","Versions in Colored & Single Clean Color (Unlimited Color Options)","92"
"NULL","Powerpoint Vector Shape","92"
"NULL","All Essential Function (Chart, Infographic, Portfolio, Team, TimeLine, Mock Up and More)","92"
"NULL","Photo List","92"
"NULL","Easy Customize","92"
"NULL","Wide Screen (Full HD 115 Slide Each File)","92"
"NULL","Section Breaks Slides","92"
"NULL","Business & Clean Style","92"
"NULL","Handmade Infographic","92"
"NULL","Price Table","92"
"NULL","Powerpoint Vector Shape","93"
"NULL","PPTX & PPT format","93"
"NULL","Numeric List","93"
"NULL","Photo List","93"
"NULL","10+ Unique slides per Powerpoint","93"
"NULL","Image Placeholder PSD Include","93"
"NULL","Creative & Professional Work","93"
"NULL","Creative & Professional (Multipurpose)","93"
"NULL","Price Table","93"
"NULL","Handmade Infographic","93"
"NULL","10+ Unique slides per Powerpoint","94"
"NULL","Extensive use of custom placeholders and smart art","94"
"NULL","Smart Icon Library v.2 (+1000 Vector Icon)","94"
"NULL","Wide Screen (HQ 16:9)","94"
"NULL","Master Slide Layout (Drag & Drop Image)","94"
"NULL","Full Animated & No Animated (Slide Transitions & Section Animation)","94"
"NULL","Easy Customize","94"
"NULL","PPTX & PPT format","94"
"NULL","Business & Clean Style","94"
"NULL","Powerpoint Vector Shape","94"
"NULL","Price Table","95"
"NULL","Full Animated & No Animated (Slide Transitions & Section Animation)","95"
"NULL","Wide Screen (HQ 16:9)","95"
"NULL","All Essential Function (Chart, Infographic, Portfolio, Team, TimeLine, Mock Up and More)","95"
"NULL","Short Instruction included","95"
"NULL","Section Breaks Slides","95"
"NULL","Image Placeholder PSD Include","95"
"NULL","Extensive use of custom placeholders and smart art","95"
"NULL","Include PC and Mac Version","95"
"NULL","Smart Icon Library v.2 (+1000 Vector Icon)","95"
"NULL","Image Placeholder PSD Include","96"
"NULL","Custom animation for each object","96"
"NULL","Smart Icon Library v.2 (+1000 Vector Icon)","96"
"NULL","Full Animated & No Animated (Slide Transitions & Section Animation)","96"
"NULL","Documentation (PDF)","96"
"NULL","Wide Screen (HQ 16:9)","96"
"NULL","Master Slide Layout (Drag & Drop Image)","96"
"NULL","Include PC and Mac Version","96"
"NULL","Light & Dark","96"
"NULL","Free Font & Icons","96"
"NULL","Price Table","97"
"NULL","10+ Unique slides per Powerpoint","97"
"NULL","Include PC and Mac Version","97"
"NULL","Numeric List","97"
"NULL","Full Animated & No Animated (Slide Transitions & Section Animation)","97"
"NULL","Versions in Colored & Single Clean Color (Unlimited Color Options)","97"
"NULL","All Essential Function (Chart, Infographic, Portfolio, Team, TimeLine, Mock Up and More)","97"
"NULL","Easy Customize","97"
"NULL","Photo List","97"
"NULL","Image Placeholder PSD Include","97"
"NULL","10+ Unique slides per Powerpoint","98"
"NULL","Extensive use of custom placeholders and smart art","98"
"NULL","Handmade Infographic","98"
"NULL","Image Placeholder PSD Include","98"
"NULL","Short Instruction included","98"
"NULL","All Essential Function (Chart, Infographic, Portfolio, Team, TimeLine, Mock Up and More)","98"
"NULL","Photo List","98"
"NULL","Master Slide Layout (Drag & Drop Image)","98"
"NULL","Business & Clean Style","98"
"NULL","Custom animation for each object","98"
"NULL","Master Slide Layout (Drag & Drop Image)","99"
"NULL","Price Table","99"
"NULL","Image Placeholder PSD Include","99"
"NULL","Numeric List","99"
"NULL","Easy Customize","99"
"NULL","Section Breaks Slides","99"
"NULL","Short Instruction included","99"
"NULL","Creative & Professional (Multipurpose)","99"
"NULL","Wide Screen (Full HD 115 Slide Each File)","99"
"NULL","Business & Clean Style","99"
"NULL","Fully Editable","100"
"NULL","Wide Screen (HQ 16:9)","100"
"NULL","Price Table","100"
"NULL","Business & Clean Style","100"
"NULL","PPTX & PPT format","100"
"NULL","10+ Unique slides per Powerpoint","100"
"NULL","Powerpoint Vector Shape","100"
"NULL","Light & Dark","100"
"NULL","Section Breaks Slides","100"
"NULL","Master Slide Layout (Drag & Drop Image)","100"
"NULL","Wide Screen (Full HD 115 Slide Each File)","101"
"NULL","Price Table","101"
"NULL","All Essential Function (Chart, Infographic, Portfolio, Team, TimeLine, Mock Up and More)","101"
"NULL","Numeric List","101"
"NULL","PPTX & PPT format","101"
"NULL","Master Slide Layout (Drag & Drop Image)","101"
"NULL","Custom animation for each object","101"
"NULL","Creative & Professional (Multipurpose)","101"
"NULL","Include PC and Mac Version","101"
"NULL","Image Placeholder PSD Include","101"
"NULL","Light & Dark","102"
"NULL","Smart Icon Library v.2 (+1000 Vector Icon)","102"
"NULL","Include PC and Mac Version","102"
"NULL","Handmade Infographic","102"
"NULL","Powerpoint Vector Shape","102"
"NULL","Master Slide Layout (Drag & Drop Image)","102"
"NULL","Versions in Colored & Single Clean Color (Unlimited Color Options)","102"
"NULL","Extensive use of custom placeholders and smart art","102"
"NULL","Numeric List","102"
"NULL","Creative & Professional (Multipurpose)","102"
"NULL","Image Placeholder PSD Include","103"
"NULL","Smart Icon Library v.2 (+1000 Vector Icon)","103"
"NULL","Custom animation for each object","103"
"NULL","Price Table","103"
"NULL","Light & Dark","103"
"NULL","Free Font & Icons","103"
"NULL","Master Slide Layout (Drag & Drop Image)","103"
"NULL","Photo List","103"
"NULL","Documentation (PDF)","103"
"NULL","All Essential Function (Chart, Infographic, Portfolio, Team, TimeLine, Mock Up and More)","103"
"NULL","Versions in Colored & Single Clean Color (Unlimited Color Options)","104"
"NULL","Creative & Professional (Multipurpose)","104"
"NULL","Fully Editable","104"
"NULL","Short Instruction included","104"
"NULL","Light & Dark","104"
"NULL","All Essential Function (Chart, Infographic, Portfolio, Team, TimeLine, Mock Up and More)","104"
"NULL","Smart Icon Library v.2 (+1000 Vector Icon)","104"
"NULL","Image Placeholder PSD Include","104"
"NULL","Include PC and Mac Version","104"
"NULL","Wide Screen (HQ 16:9)","104"
"NULL","Easy Customize","105"
"NULL","10+ Unique slides per Powerpoint","105"
"NULL","Creative & Professional Work","105"
"NULL","Numeric List","105"
"NULL","Handmade Infographic","105"
"NULL","Short Instruction included","105"
"NULL","Section Breaks Slides","105"
"NULL","Powerpoint Vector Shape","105"
"NULL","Include PC and Mac Version","105"
"NULL","Business & Clean Style","105"
"NULL","Price Table","106"
"NULL","Handmade Infographic","106"
"NULL","Business & Clean Style","106"
"NULL","Master Slide Layout (Drag & Drop Image)","106"
"NULL","Extensive use of custom placeholders and smart art","106"
"NULL","All Essential Function (Chart, Infographic, Portfolio, Team, TimeLine, Mock Up and More)","106"
"NULL","Custom animation for each object","106"
"NULL","Light & Dark","106"
"NULL","Creative & Professional (Multipurpose)","106"
"NULL","Free Font & Icons","106"
"NULL","Documentation (PDF)","107"
"NULL","Include PC and Mac Version","107"
"NULL","Wide Screen (HQ 16:9)","107"
"NULL","Full Animated & No Animated (Slide Transitions & Section Animation)","107"
"NULL","10+ Unique slides per Powerpoint","107"
"NULL","Smart Icon Library v.2 (+1000 Vector Icon)","107"
"NULL","Fully Editable","107"
"NULL","Easy Customize","107"
"NULL","Photo List","107"
"NULL","Business & Clean Style","107"
"NULL","Extensive use of custom placeholders and smart art","108"
"NULL","Wide Screen (HQ 16:9)","108"
"NULL","PPTX & PPT format","108"
"NULL","Light & Dark","108"
"NULL","10+ Unique slides per Powerpoint","108"
"NULL","Versions in Colored & Single Clean Color (Unlimited Color Options)","108"
"NULL","Creative & Professional Work","108"
"NULL","Short Instruction included","108"
"NULL","Fully Editable","108"
"NULL","Image Placeholder PSD Include","108"
"NULL","Wide Screen (Full HD 115 Slide Each File)","109"
"NULL","Free Font & Icons","109"
"NULL","Creative & Professional (Multipurpose)","109"
"NULL","Photo List","109"
"NULL","Custom animation for each object","109"
"NULL","Creative & Professional Work","109"
"NULL","Easy Customize","109"
"NULL","Wide Screen (HQ 16:9)","109"
"NULL","10+ Unique slides per Powerpoint","109"
"NULL","Fully Editable","109"
"NULL","Business & Clean Style","110"
"NULL","Full Animated & No Animated (Slide Transitions & Section Animation)","110"
"NULL","Photo List","110"
"NULL","PPTX & PPT format","110"
"NULL","Price Table","110"
"NULL","Wide Screen (HQ 16:9)","110"
"NULL","Creative & Professional Work","110"
"NULL","Custom animation for each object","110"
"NULL","Include PC and Mac Version","110"
"NULL","Image Placeholder PSD Include","110"
"NULL","Wide Screen (Full HD 115 Slide Each File)","111"
"NULL","Custom animation for each object","111"
"NULL","Handmade Infographic","111"
"NULL","Fully Editable","111"
"NULL","Short Instruction included","111"
"NULL","Versions in Colored & Single Clean Color (Unlimited Color Options)","111"
"NULL","Include PC and Mac Version","111"
"NULL","Image Placeholder PSD Include","111"
"NULL","Easy Customize","111"
"NULL","10+ Unique slides per Powerpoint","111"
"NULL","Easy Customize","112"
"NULL","Include PC and Mac Version","112"
"NULL","PPTX & PPT format","112"
"NULL","Extensive use of custom placeholders and smart art","112"
"NULL","All Essential Function (Chart, Infographic, Portfolio, Team, TimeLine, Mock Up and More)","112"
"NULL","Powerpoint Vector Shape","112"
"NULL","Business & Clean Style","112"
"NULL","Full Animated & No Animated (Slide Transitions & Section Animation)","112"
"NULL","Section Breaks Slides","112"
"NULL","Photo List","112"
